,headline,date,sentiment
233846,How The Government Can Help Build Economic Moats,2020-06-04,0
4356,"Market Talk – Wednesday, June 3",2020-06-03,0
1397,Bill Nygren Adds 4 Stocks to Portfolio in –st Quarter,2020-06-02,0
0,Agilent Technologies Announces Pricing of $5 Million of Senior Notes,2020-06-01,0
936,Greif (GEF) to Report Q2 Earnings: What's in the Offing?,2020-05-29,0
937,"When Does Market Timing Actually Work? - May 28, 2020",2020-05-28,0
1407,Stocks Soar Despite Pharma Giant CEO Questioning Vaccine Timelines,2020-05-27,-1
6267,"Bahl & Gaynor Inc Buys Merck Inc, Verizon Communications Inc, AbbVie Inc, Sells Simon ...",2020-05-26,0
6268,What's Next For The Biotech Bull Market? Are you a Trader or an Investor?,2020-05-25,0
1408,"Sankaty Advisors, LLC Buys Anterix Inc, Golar LNG, Golar LNG, Sells Invesco Senior Loan, ...",2020-05-22,0
1409,American Airlines Stock Could Be Worthless,2020-05-21,0
1410,United Airlines Sees Modest Increase in Passenger Demand,2020-05-20,1
2679,— Stocks Gain on Tuesday,2020-05-19,1
1,Agilent (A) Gears Up for Q2 Earnings: What's in the Cards?,2020-05-18,0
2,J.P. Morgan Asset Management Announces Liquidation of Six Exchange-Traded Funds,2020-05-15,-1
938,"Meru Capital Group, LP Buys Chevron Corp, Facebook Inc, Morgan Stanley, Sells JOYY Inc, Lyft Inc",2020-05-14,0
1420,Should I Buy Airline Stocks Now Or Wait?,2020-05-13,0
4,Agilent Awards Trilogy Sciences with a Golden Ticket at LabCentral,2020-05-12,1
5,Agilent Technologies Inc (A) CEO and President Michael R. Mcmullen Sold $–.4 million of Shares,2020-05-11,0
940,"Lesa Sroufe & Co Buys iShares Silver Trust, Hawaiian Holdings Inc, Petroleo Brasileiro SA ...",2020-05-08,0
6,' Stocks Growing Their Earnings Fast,2020-05-07,1
1425,"Airline Stock Roundup: AAL, UAL & Others Post Q1 Loss Under Coronavirus Curse",2020-05-06,-1
8,"Hendley & Co Inc Buys American Electric Power Co Inc, Agilent Technologies Inc, Paychex ...",2020-05-05,0
10,"Cookson Peirce & Co Inc Buys Eli Lilly and Co, Vertex Pharmaceuticals Inc, Netflix Inc, ...",2020-05-04,0
941,"Timing the Market, Is it Possible? - May 01, 2020",2020-05-01,0
11,Agilent Technologies Inc (A) CEO and President Michael R. Mcmullen Sold $–.– million of Shares,2020-04-30,0
1368,"Qp Wealth Management, Llc Buys First Trust North American Energy Infrastructure F, Gilead ...",2020-04-29,0
12,"Agilent Technologies Inc (A) CEO and President Michael R. Mcmullen Sold $67–,6—7 of Shares",2020-04-28,0
1525,AM Best Affirms Credit Ratings of Atlantic American Corporation and Its Subsidiaries,2020-04-27,0
1573,"AARON'S 96 HOUR DEADLINE ALERT: Former Louisiana Attorney General and Kahn Swick & Foti, ...",2020-04-24,0
943,"Company News for Apr 23, 2020",2020-04-23,0
944,"Merriman Wealth Management, LLC Buys iShares –-' Year Treasury Bond ETF, Vanguard Small-Cap ...",2020-04-22,0
1578,"FILING DEADLINE--Kuznicki Law PLLC Announces Class Actions on Behalf of Shareholders of AAN, ...",2020-04-21,-1
1582,"SHAREHOLDER ALERT: CLAIMSFILER REMINDS AAN, BDX, FLR, MGPI INVESTORS of Lead Plaintiff Deadline ...",2020-04-20,0
13,"S.E.E.D. Planning Group LLC Buys VanEck Vectors Morningstar Wide Moat, PepsiCo Inc, Ecolab Inc, ...",2020-04-17,0
1586,Earnings Preview: Aaron's (AAN) Q1 Earnings Expected to Decline,2020-04-16,-1
14,Agilent (A) Withdraws Q2 & FY20 View Amid Coronavirus Crisis,2020-04-15,-1
15,Top –st-Quarter Buys of Jerome Dodson's Parnassus Fund,2020-04-14,1
18,Parnassus Endeavor Fund Adds ' Stocks to Portfolio in –st Quarter,2020-04-13,0
19,"Parnassus Endeavor Fund Buys FedEx Corp, VF Corp, Expeditors International of Washington Inc, ...",2020-04-10,0
2694,Advance Auto Parts Provides COVID-–9 Business Update,2020-04-09,0
948,"How to Time the Markets Like an Investing Pro - April 08, 2020",2020-04-08,0
21,"Lgt Capital Partners Ltd. Buys Microsoft Corp, Stryker Corp, The Estee Lauder Inc, Sells ...",2020-04-07,0
949,Alcoa Announces Change to a Virtual Meeting Format for —…—… Annual Meeting of Stockholders,2020-04-06,0
1605,"SHAREHOLDER ALERT BY FORMER LOUISIANA ATTORNEY GENERAL: KSF REMINDS AAN, FLR, INO, MGPI ...",2020-04-03,0
1606,"DEADLINE ALERT for AAN, MGPI, ALGN, CAN: Law Offices of Howard G. ...",2020-04-02,0
1607,"SHAREHOLDER ALERT: CLAIMSFILER REMINDS AAN, BDX, FLR, MGPI INVESTORS of Lead Plaintiff Deadline ...",2020-04-01,0
1609,"FILING DEADLINE--Kuznicki Law PLLC Announces Class Actions on Behalf of Shareholders of AAN, ...",2020-03-31,-1
23,Agilent Technologies to Change Location of Annual Meeting,2020-03-30,0
1611,"SHAREHOLDER ALERT: CLAIMSFILER REMINDS AAN, BDX, FLR, MGPI INVESTORS of Lead Plaintiff Deadline ...",2020-03-27,0
24,Bill Ackman's Pershing Square Releases Letter to Investors,2020-03-26,0
950,"Low Dosage Hydrate Inhibitors Market Estimated to Exhibit 8.…% CAGR through —…—8, Says FMI",2020-03-25,1
1615,"FILING DEADLINE--Kuznicki Law PLLC Announces Class Actions on Behalf of Shareholders of AAN, ...",2020-03-24,-1
1619,"SHAREHOLDER ALERT: CLAIMSFILER REMINDS AAN, BDX, FLR, MGPI INVESTORS of Lead Plaintiff Deadline ...",2020-03-23,0
25,Agilent Technologies (A) Gains As Market Dips: What You Should Know,2020-03-20,0
26,Stocks Flashing Renewed Technical Strength: Agilent Technologies,2020-03-19,1
28,Agilent Technologies Announces Cash Dividend of –8 Cents Per Share,2020-03-18,0
29,"Agilent Technologies to Adjourn Annual Meeting Until April –7, —…—…",2020-03-17,0
30,Agilent Introduces CrossLab Connect Services for Lab-wide Asset Monitoring,2020-03-16,0
1638,"SHAREHOLDER ALERT: CLAIMSFILER REMINDS AAN, FLR, MGPI INVESTORS of Lead Plaintiff Deadline in ...",2020-03-13,1
2493,U.S. Mortgage Rate Hits 8-Year Low: 5 Stocks to Invest In,2020-03-12,0
1639,SHAREHOLDER ALERT: Pawar Law Group Announces a Securities Class Action Lawsuit Against ...,2020-03-11,-1
1640,INVESTOR FILING DEADLINES: Bernstein Liebhard LLP Reminds Investors in Aarons Inc. ...,2020-03-10,0
1641,"HAGENS BERMAN, NATIONAL TRIAL ATTORNEYS, Encourages Aaron's (AAN) Investors With Losses to ...",2020-03-09,0
1642,SHAREHOLDER ALERT: Pomerantz Law Firm Reminds Shareholders with Losses on their Investment in ...,2020-03-06,-1
1643,Aaron's Inc. CLASS ACTION Alert: Wolf Haldenstein Adler Freeman & Herz LLP announces that a ...,2020-03-05,-1
1645,AAN INVESTOR ALERT: Bernstein Liebhard Announces that a Securities Class Action Lawsuit Has ...,2020-03-04,-1
31,6 Guru Stocks Trading With Low Price-Sales Ratios,2020-03-03,0
1651,"HAGENS BERMAN, NATIONAL TRIAL ATTORNEYS, Encourages Aaron's (AAN) Investors Who Have Suffered ...",2020-03-02,0
32,Stock Upgrades: Agilent Technologies Shows Rising Relative Strength,2020-02-28,1
2453,"Applied Optoelectronics (AAOI) Reports Q4 Loss, Tops Revenue Estimates",2020-02-27,-1
1654,"AAN INVESTOR ALERT: Bronstein, Gewirtz & Grossman, LLC Announces Investigation of Aaron's, Inc.",2020-02-26,-1
953,My Short Watch-List for the Stock Market: Corona Edition,2020-02-25,0
1657,"Bragar Eagel & Squire, P.C. Is Investigating Fluor Corporation, Tivity Health, Aaron's, ...",2020-02-24,0
33,"Fitbit (FIT) Q4 Loss Wider Than Estimated, Revenues Lag",2020-02-21,-1
34,"How to Time the Markets Like an Investing Pro - February 20, 2020",2020-02-20,0
35,Stock Chart Breakdown Alert: Agilent Tech (A),2020-02-19,0
37,Bill Ackman's Pershing Square: 4th-Quarter Update,2020-02-18,0
39,"Wunderlich Capital Managemnt Buys ServiceNow Inc, Truist Financial Corp, Agilent Technologies ...",2020-02-17,0
40,"Napier Park Global Capital LLC Buys Invesco Senior Loan, Agilent Technologies Inc, Lowe's Inc, ...",2020-02-14,0
41,Stock Upgrades: Agilent Technologies Shows Rising Relative Strength,2020-02-13,1
44,"Clearfield Capital Management Lp Buys Insperity Inc, Square Inc, Agilent Technologies Inc, ...",2020-02-12,0
46,"Troy Asset Management Ltd Buys Agilent Technologies Inc, Mastercard Inc, Cisco Systems Inc, ...",2020-02-11,0
1662,"Dividend Asset Capital, Llc Buys Hess Midstream Operations LP, Truist Financial Corp, Enbridge ...",2020-02-10,0
48,Fortive (FTV) Earnings & Revenues Surpass Estimates in Q4,2020-02-07,1
5342,HVDC Transmission System Market —…–9 | Worldwide Industry Share | Size | Gross Margin | ...,2020-02-06,0
4537,AllianceBernstein to Execute Bond Trades of Buy-Side Firms,2020-02-05,0
49,"Eaton Vance Exits Celgene, Trims Amgen Position",2020-02-04,0
1664,"Copeland Capital Management, LLC Buys Parsley Energy Inc, Nexstar Media Group Inc, Aaron's Inc, ...",2020-02-03,0
2471,AMETEK (AME) to Report Q4 Earnings: What's in the Offing?,2020-01-31,0
2472,Inphi (IPHI) Gears Up for Q4 Earnings: What's in the Cards?,2020-01-30,0
4557,"AB to Report Fourth Quarter —…–9 Results on February –—, —…—…",2020-01-29,0
2705,Moving Average Crossover Alert: Advance Auto Parts,2020-01-28,0
1665,"Virginia Retirement Systems Et Al Buys Healthpeak Properties Inc, AT&T Inc, Accenture PLC, ...",2020-01-27,0
961,"AskSlim Market Week, Jan. 24",2020-01-24,0
50,"Mechanics Bank Trust Department Buys SPDR Wells Fargo Preferred Stock ETF, Huntington ...",2020-01-23,0
4564,Top Ranked Income Stocks to Buy for January 22nd,2020-01-22,0
51,"Krueger & Catalano Capital Partners, LLC Buys Bristol-Myers Squibb Company, Agilent ...",2020-01-21,0
4566,Automotive Natural Gas Vehicle Market Forecast —…—…-—…—9 | Key Players – AB ...,2020-01-20,0
962,"AskSlim Market Week, Jan. 17",2020-01-17,0
963,"Company News for Jan 16, 2020",2020-01-16,0
52,"Parnassus Endeavor Fund Adds to Cisco, Alphabet",2020-01-15,0
2708,"Timing the Market, Is it Possible? - January 14, 2020",2020-01-14,0
5364,Where To Invest In The 2020s,2020-01-13,0
54,"Timing the Market, Is it Possible? - January 10, 2020",2020-01-10,0
2709,Should Value Investors Consider Advance Auto Parts (AAP)?,2020-01-09,0
4574,Franklin to Buy Athena Capital Advisors With AUM Worth $6B,2020-01-08,0
5367,Plug Power Clinches Order for Hydrogen & Fuel Cell Solutions,2020-01-07,1
7341,Here's Why You Should Hold on to ABM Industries (ABM) Stock,2020-01-06,0
967,New Strong Sell Stocks for January 3rd,2020-01-03,0
14294,4 Reasons Why Investors Should Buy Alexion (ALXN) in 2020,2020-01-02,0
36883,January 2020 Stock Considerations,2020-01-01,0
1667,"When Does Market Timing Actually Work? - December 31, 2019",2019-12-31,0
5368,"Best & Worst ADRs - Monday, Dec. 30",2019-12-30,0
4576,4 DuPont-Driven Top-Ranked Stocks for Quality Investing,2019-12-27,0
29352,Reasons Why Investors Should Hold Sun Life Financial Stock,2019-12-26,0
55,Why Is Agilent (A) Up 5.4% Since Last Earnings Report?,2019-12-25,1
968,"Simple Market Timing Strategies That Work - December 24, 2019",2019-12-24,0
2502,"Timing the Market, Is it Possible? - December 23, 2019",2019-12-23,0
5370,"The Zacks Analyst Blog Highlights: NVIDIA, Alphabet, Teradyne, iRobot and Amazon",2019-12-20,0
2503,Lennox (LII) Shares Decline Post 2020 Guidance Announcement,2019-12-19,-1
7344,ABM Industries (ABM) Q4 Earnings Surpass Estimates,2019-12-18,1
56,"The Market Timing Secrets No One Talks About - December 17, 2019",2019-12-17,0
4579,AllianceBernstein November AUM Up on Inflows & Market Gains,2019-12-16,1
57,Agilent Technologies Inc (A) CEO and President Michael R. Mcmullen Sold $4 million of Shares,2019-12-13,0
59,"Nomura Holdings Inc Buys Aramark, AT&T Inc, Emerson Electric Co, Sells Amazon. ...",2019-12-12,0
2713,AutoZone: A Fairly Valued Leading Company Operating In An Attractive Industry,2019-12-11,1
60,Bill Ackman's Pershing Square Packs Into Agilent,2019-12-10,0
62,"Pershing Square Capital Management, L.P. Buys Agilent Technologies Inc, Sells Automatic Data ...",2019-12-09,0
64,Best Large-Cap Stocks To Buy Now,2019-12-06,0
65,"Agilent Technologies, Inc. (A) Management Presents at Evercore ISI HealthCONx Conference (Transcript)",2019-12-05,0
66,Agilent Technologies Inc (A) Presents at The 31st Annual Piper Jaffray Healthcare Conference (Transcript),2019-12-04,0
976,"Simple Market Timing Strategies That Work - December 03, 2019",2019-12-03,0
2510,"Timing the Market, Is it Possible? - December 02, 2019",2019-12-02,0
7125,Tracking David Abrams' Abrams Capital Management Portfolio - Q3 2019 Update,2019-11-29,0
977,Real Corporate Profits Are Now The Lowest Since The Financial Crisis,2019-11-28,-1
4586,Innovation and Future Developments In Waterjet Cutting Machinery Market —…—…|Flow ...,2019-11-27,0
67,Agilent (A) Earnings and Revenues Surpass Estimates in Q4,2019-11-26,1
68,"Agilent Technologies, Inc. (A) CEO Mike McMullen on Q4 2019 Results - Earnings Call Transcript",2019-11-25,0
79,Earnings Watch: PANW Stock Rallies Ahead Of Results; Retail Leader Forms Bullish Base,2019-11-22,1
81,Agilent Is Up Almost 20% Since Its Last Earnings Report: Assessing If The Momentum Continues,2019-11-21,1
84,Agilent declares $0.18 dividend,2019-11-20,0
979,"Your Bullish Watch-List for New All-Time Highs, All Day Every Day",2019-11-19,0
85,Agilent Technologies (A) Earnings Expected to Grow: Should You Buy?,2019-11-18,0
88,"Fairpointe Capital LLC Buys Adtalem Global Education Inc, Corning Inc, Agilent Technologies ...",2019-11-15,0
93,Stocks Showing Rising Market Leadership: Agilent Technologies Earns 82 RS Rating,2019-11-14,1
94,"Epoch Investment Partners, Inc. Buys KKR Inc, Coca-Cola Co, Huntington Ingalls Industries Inc, ...",2019-11-13,0
95,Agilent Technologies Sees RS Rating Improve To 76,2019-11-12,1
1674,Aaron's Is A Progressive Story With An Aaron's Problem,2019-11-11,0
984,"BP Capital Fund Exits Westlake, Quanta",2019-11-08,0
97,"TD Asset Management Inc Buys TC Energy Corp, iShares iBoxx $ High Yield Corporate Bond ETF, ...",2019-11-07,0
1432,Altisource Asset Management reports Q3 results,2019-11-06,0
1677,Aaron's declares $0.04 dividend,2019-11-05,0
1681,"Aaron's, Inc. (AAN) CEO John Robinson on Q3 2019 Results - Earnings Call Transcript",2019-11-04,0
100,"When Does Market Timing Actually Work? - November 01, 2019",2019-11-01,0
1689,Standard Motor (SMP) Q3 Earnings & Revenues Top Estimates,2019-10-31,0
1694,Is Aaron's (AAN) Stock Undervalued Right Now?,2019-10-30,-1
989,"Further Restructuring At Alcoa Is Welcome, But Macro Pressures Are Still In Play",2019-10-29,-1
1696,Aaron's (AAN) Reports Next Week: Wall Street Expects Earnings Growth,2019-10-28,1
4598,Global Vessel Traffic Management Market Size in terms of volume and value —…–9-—…—8,2019-10-25,0
101,Electronics Testing Equipment Outlook: Solid Demand Ahead,2019-10-24,1
102,"Clean Yield Group Buys Healthcare Trust of America Inc, Lakeland Financial Corp, U.S. ...",2019-10-23,0
104,5G Wireless Networks Give This Communications Test Gear Maker A Lift,2019-10-22,1
106,Oakmark Equity And Income Fund: Third Quarter 2019,2019-10-21,0
1433,E*TRADE Financial and State Street among financial gainers; Bar Harbor Bankshares leads losers,2019-10-18,1
108,Parnassus Endeavor Fund Buys 4 Stocks in 'rd Quarter,2019-10-17,1
109,"Parnassus Endeavor Fund Buys Alaska Air Group Inc, Arista Networks Inc, Charles Schwab Corp, ...",2019-10-16,0
1003,Notable earnings after Wednesday's close,2019-10-15,1
110,Dividend Growth Stocks Of Tomorrow: Agilent Technologies Inc.,2019-10-14,0
112,Cypress Looks to Gain Traction With New USB-C Controller,2019-10-11,1
113,Trimble Strengthens Agriculture Portfolio with Weedseeker 2,2019-10-10,1
1006,Analysts Estimate Alcoa (AA) to Report a Decline in Earnings: What to Look Out for,2019-10-09,-1
7400,AngioDynamics Boosts VIT Product Portfolio With New Buyout,2019-10-08,1
115,"Lgt Capital Partners Ltd. Buys UnitedHealth Group Inc, Alphabet Inc, Agilent Technologies Inc, ...",2019-10-07,0
5435,"Railway Traction Motor Market —…–9 – Analysis, Size, Business Growth, Trends and Future ...",2019-10-04,0
2752,AutoZone: Commercial Business Offers Potential,2019-10-03,0
2521,Astrotech and U.S. Well Services in industrial gainers; Babcock & Wilcox among losers,2019-10-02,0
1714,Aaron's Joins Elite List Of Stocks With 95-Plus Composite Rating,2019-10-01,0
6867,Outlook for Alcohol Industry Dim on Soft Beer Sales & Tariffs,2019-09-30,0
117,"50 Firms Going Ex-Dividend Next Week, Including Cardinal Health, JP Morgan Chase And Comcast",2019-09-27,0
1009,Alcoa price target cut at B. Riley FBR on lower aluminum price outlook,2019-09-26,-1
2522,"The Truth About Market Timing - September 25, 2019",2019-09-25,0
2754,Why Advance Auto Parts Has Investment Appeal,2019-09-24,0
1010,Why You Should Avoid Alcoa,2019-09-23,0
119,4 Stocks to Focus on Global Biotechnology Reagents Market,2019-09-20,0
120,Stocks With Rising Relative Strength: Agilent Technologies,2019-09-19,1
121,Agilent declares $0.164 dividend,2019-09-18,0
122,"Simple Market Timing Strategies That Work - September 17, 2019",2019-09-17,0
123,What Makes Agilent (A) a New Buy Stock,2019-09-16,0
124,Agilent (A) Up 11.5% Since Last Earnings Report: Can It Continue?,2019-09-13,1
125,Agilent Technologies Sees RS Rating Climb To 74,2019-09-12,1
1014,Alcoa Corporation (AA) Management Presents at Morgan Stanley 7th Annual Laguna Conference (Transcript),2019-09-11,0
127,Agilent Technologies (A) is a Great Momentum Stock: Should You Buy?,2019-09-10,0
1017,"Alcoa to eliminates business unit structure; alumina, bauxite heads to depart",2019-09-09,0
4642,Schwab (SCHW) Decides to Close Singapore Office by 2019-End,2019-09-06,0
131,Agilent launches debt offering,2019-09-05,0
1159,"The Keys to Successfully Timing the Markets - September 04, 2019",2019-09-04,0
132,Agilent readies debt offering,2019-09-03,0
1722,"Is Aaron's, (AAN) Stock Outpacing Its Retail-Wholesale Peers This Year?",2019-09-02,0
1018,"Alcoa, steelworkers union announce tentative labor deal",2019-08-30,0
4648,What's in the Cards for LexinFintech (LX) in Q2 Earnings?,2019-08-29,0
4650,Mini Excavators Market Go Big – —…—— : With Construction Equipment Solutions to do ...,2019-08-28,0
2525,"Simple Market Timing Strategies That Work - August 27, 2019",2019-08-27,0
133,Agilent completes BioTek buy,2019-08-26,0
1164,AAC Holdings receives NYSE continued listing standard notice,2019-08-23,0
134,IBD Stock Of The Day Keysight Technologies Hits Buy Zone As Wall Street Cheers 5G-Driven Growth,2019-08-22,1
135,"Sit Investment Associates Inc Buys United Technologies Corp, Corning Inc, Comcast Corp, Sells ...",2019-08-21,0
136,"Fairpointe Capital LLC Buys Agilent Technologies Inc, Magna International Inc, iShares MSCI ...",2019-08-20,0
1726,Loop Capital names five to ride out a recession,2019-08-19,0
139,"BlueSpruce Investments, LP Buys Ross Stores Inc, TJX Inc, Comcast Corp, Sells Constellation ...",2019-08-16,0
140,Agilent (A) Earnings and Revenues Beat Estimates in Q3,2019-08-15,1
141,"Agilent Technologies, Inc. (A) CEO Michael McMullen on Q3 2019 Results - Earnings Call Transcript",2019-08-14,0
149,"Impax Asset Management Group plc Buys Pentair PLC, Agilent Technologies Inc, IQVIA Holdings ...",2019-08-13,0
152,Agilent (A) Gears Up for Q3 Earnings: What's in the Cards?,2019-08-12,0
155,Agilent Technologies Hitting Lower Rail Of Upwardly Sloped Trend Channel Ahead Of Earnings,2019-08-09,-1
1733,Aaron's declares $0.035 dividend,2019-08-08,0
156,Agilent Technologies (A) Earnings Expected to Grow: Should You Buy?,2019-08-07,0
1734,Here's Why Aaron's (AAN) Stock is a Solid Investment Pick,2019-08-06,0
5460,Enphase Energy Is Headed To Mars,2019-08-05,0
1022,"Timing the Market, Is it Possible? - August 02, 2019",2019-08-02,0
157,Acquisition Boosts Exact Sciences' Role in Cancer Diagnostics,2019-08-01,1
1023,Alcoa to take $135M charge in Q3 on sale of Spanish units,2019-07-31,0
158,"The Truth About Market Timing - July 30, 2019",2019-07-30,0
159,Tracking William von Mueffling's Cantillon Capital Management Portfolio - Q2 2019 Update,2019-07-29,0
1737,5 Low-Beta Stocks to Help You Fend Off Market Volatility,2019-07-26,0
1739,"Aaron's, Inc. (AAN) CEO John Robinson on Q2 2019 Results - Earnings Call Transcript",2019-07-25,0
160,Agilent: 2 Decades Of Portfolio Moves Left Investors With A Good Business,2019-07-24,1
2797,UPS to join FedEx in starting seven-day delivery; launches drone business,2019-07-23,0
1024,"Alcoa, One To Have On The Watch List?",2019-07-22,0
1026,"Alcoa downgraded at both Jefferies, Argus",2019-07-19,-1
1027,Stocks Hit Reverse On July's Gains (Wall Street Breakfast Podcast),2019-07-18,0
1030,Alcoa Corporation (AA) CEO Roy Harvey on Q2 2019 Results - Earnings Call Transcript,2019-07-17,0
162,"Harvey Investment Co Llc Buys Fastenal Co, Agilent Technologies Inc, CarMax Inc, Sells Croda ...",2019-07-16,0
164,Agilent: Some Bolt-On M&A To Rejuvenate Growth,2019-07-15,1
166,"Agilent to Acquire BioTek, Cell Analysis Portfolio to Expand",2019-07-12,0
167,Silicon Valley Pioneer Keysight Just Moved Into The Buy Zone — But Can It Stay There?,2019-07-11,0
169,"Lgt Capital Partners Ltd. Buys UnitedHealth Group Inc, Alphabet Inc, Ross Stores Inc, Sells ...",2019-07-10,0
1170,Deadline Reminder: The Law Offices of Howard G. ...,2019-07-09,0
1753,All You Need to Know About Aaron's (AAN) Rating Upgrade to Strong Buy,2019-07-08,0
170,Stock Upgrades: Agilent Technologies Shows Rising Relative Strength,2019-07-05,1
13131,Daily Insider Ratings Round Up 7/1/19,2019-07-04,1
1756,U.S. Economy Likely to Sustain Longest Expansion: 5 Top Picks,2019-07-03,0
1042,Alcoa divesting stake in one Saudi JV,2019-07-02,0
1044,Base Metals And Industrial Commodities- Second Quarter 2019 Review And Outlook For Q3 2019,2019-07-01,0
171,"29 Firms Going Ex-Dividend Next Week, Including Comcast, Cisco And JP Morgan",2019-06-28,0
1045,Alcoa submits 'final offer' for Quebec smelter labor contract,2019-06-27,0
1046,Alcoa to sell minority stake in rolling mill JV to Saudi's Ma'aden,2019-06-26,0
1764,Is Aaron's (AAN) Stock Undervalued Right Now?,2019-06-25,-1
1179,INVESTOR ACTION NOTICE: The Schall Law Firm Announces the Filing of a Class Action Lawsuit ...,2019-06-24,-1
174,John Templeton's Investment Philosophy,2019-06-21,0
1047,Another Look At Delta: The Most Well-Positioned Airline,2019-06-20,1
5491,"HollySys Undervalued (Maybe Significantly), But Confounding",2019-06-19,1
1768,"The Zacks Analyst Blog Highlights: Chipotle, Aaron???s, Shoe Carnival, Lithia and BMC",2019-06-18,0
1769,5 Top Stocks to Buy on Booming Retail Sales,2019-06-17,1
175,Agilent Announces Receipt of FDA Approval for pharmDX Assay,2019-06-14,1
176,Why Is Agilent (A) Up 3.9% Since Last Earnings Report?,2019-06-13,1
1186,SHAREHOLDER ALERT: Pomerantz Law Firm Reminds Shareholders with Losses on their Investment in ...,2019-06-12,-1
177,FDA OKs Agilent companion diagnostic for Keytruda in HNSCC,2019-06-11,0
1774,Aaron's gains on talk of Wayfair partnership,2019-06-10,1
1187,"AAC Holdings, Inc. (AAC), CBL & Associates Properties, Inc. (CBL) & Lyft, Inc. ...",2019-06-07,0
1776,Is Aaron's (AAN) Stock Undervalued Right Now?,2019-06-06,-1
1048,"Alumina oversupply concerns outweigh short-term gain for Alcoa, analyst says",2019-06-05,-1
13542,In-depth Research Report On Natural Sweeteners Market —…–9 :: Global Competitive ...,2019-06-04,0
1438,"Spirit MTA REIT and Yintech Investment Holdings the only financial gainers, Conifer Holdings leads losers",2019-06-03,0
1188,"AAC Holdings, Inc. (AAC), CBL & Associates Properties, Inc. (CBL) & Lyft, Inc. ...",2019-05-31,0
2815,"Sarah Ketterer Trims Manulife, Sells Qualcomm",2019-05-30,0
7298,ARCA biopharma Should Be On Your Radar After Latest Advancements,2019-05-29,1
1190,"AAC HOLDINGS INVESTOR ALERT: Faruqi & Faruqi, LLP Encourages Investors Who Suffered Losses ...",2019-05-28,0
16211,Adamas Pharmaceuticals: Was It Overrated?,2019-05-27,0
179,Tense About Trade War? Follow Goldman With 5 ETF Strategies,2019-05-24,0
1050,The Good Business Portfolio: Q1 2019 Earnings And Performance Review,2019-05-23,0
180,Agilent declares $0.164 dividend,2019-05-22,0
181,"Bessemer Securities Llc Buys Facebook Inc, Texas Instruments Inc, Bank of America Corporation, ...",2019-05-21,0
1195,"SHAREHOLDER ALERT - AAC Holdings, Inc. (AAC) Bronstein, Gewirtz & Grossman, LLC Announces ...",2019-05-20,0
182,Bullish Quintet,2019-05-17,0
1055,"Strike averted as Alcoa, union agree to extend labor deal",2019-05-16,-1
183,Stocks To Watch: Agilent Technologies Sees Relative Strength Rating Jump To 84,2019-05-15,1
186,"Agilent Technologies, Inc. (A) CEO Mike McMullen on Q2 2019 Results - Earnings Call Transcript",2019-05-14,0
192,Agilent Q2 2019 Earnings Preview,2019-05-13,0
196,Mettler-Toledo (MTD) Earnings & Revenues Top Estimates in Q1,2019-05-10,0
199,"MACOM (MTSI) Q2 Loss Wider Than Expected, Revenues Fall Y/Y",2019-05-09,-1
201,"Catalyst Capital Advisors LLC Buys Aflac Inc, Agilent Technologies Inc, Cree Inc, Sells Amgen ...",2019-05-08,0
204,Agilent Technologies (A) Reports Next Week: Wall Street Expects Earnings Growth,2019-05-07,1
209,Turtle Beach (HEAR) to Report Q1 Earnings: What's in Store?,2019-05-06,0
222,"Twin Capital Management Inc Buys Agilent Technologies Inc, Fortinet Inc, Cboe Global Markets ...",2019-05-03,0
226,Avid Technology (AVID) to Post Q1 Earnings: What's in Store?,2019-05-02,0
228,Why the Earnings Surprise Streak Could Continue for Agilent (A),2019-05-01,0
1061,"Trump, Democrats agree to $2T goal for infrastructure package",2019-04-30,1
230,Square (SQ) to Report Q1 Earnings: What's in the Offing?,2019-04-29,0
1785,"Aaron's (AAN) Q1 Earnings & Revenues Top Estimates, Stock Up",2019-04-26,0
1787,"Aaron's, Inc. (AAN) CEO John Robinson on Q1 2019 Results - Earnings Call Transcript",2019-04-25,0
1790,Notable earnings before Thursday's open,2019-04-24,1
232,Waters Q1 miss and lower guidance pressures life sciences kit makers,2019-04-23,-1
1065,"Company News For Apr 22, 2019",2019-04-22,0
4737,AB vs. CRON: Which Stock Is the Better Value Option?,2019-04-19,0
233,IBD Stock Of The Day: This Company Gets A Lift From Its 5G Rollout,2019-04-18,1
1069,Alcoa Corporation (AA) CEO Roy Harvey on Q1 2019 Results - Earnings Call Transcript,2019-04-17,0
1075,Alcoa Q1 2019 Earnings Preview,2019-04-16,0
234,Amtek (AME) Hits Fresh High: Is There Still Room to Run?,2019-04-15,1
235,Calamos Wealth Management Llc Buys Amazon. ...,2019-04-12,0
4739,AllianceBernstein (AB) March AUM Up on Market Appreciation,2019-04-11,1
1078,"Alcoa, union prepare to start contract talks",2019-04-10,0
2547,"The Zacks Analyst Blog Highlights: Heidrick & Struggles International, ABIOMED, SeaWorld Entertainment, Darden Restaurants and AAON",2019-04-09,0
1792,The Benefits Of AI Portfolio Management,2019-04-08,0
2548,"New Research Coverage Highlights Carrizo Oil & Gas, Cabot Oil & Gas, Pretium Resources, ...",2019-04-05,0
1081,What To Look For This Earnings Season,2019-04-04,0
1082,"Alcoa downgraded to Neutral, Chalco upgraded to Buy at BAML",2019-04-03,1
236,Agilent launches new QC system for next-gen sequencing,2019-04-02,0
1084,Base Metals Q1 2019 Review And Outlook For Q2 2019,2019-04-01,0
237,"Hedge Funds Have Never Been This Bullish On Xilinx, Inc.",2019-03-29,0
2551,Top-Ranked Stocks to Fill in the Sweet 16 Bracket,2019-03-28,0
1085,"Norsk Hydro, Brazil prosecutor reach deal for possible Alunorte full restart",2019-03-27,1
2852,Picking An Auto Part For Safety,2019-03-26,0
239,"Investor Expectations to Drive Momentum within Entercom Communications, PPL, Clean Energy ...",2019-03-25,1
240,Why Is Agilent (A) Up 5.3% Since Last Earnings Report?,2019-03-22,1
1086,"Alcoa, New York reach deal on low-cost power for Massena smelter",2019-03-21,1
241,Agilent declares $0.164 dividend,2019-03-20,0
242,Tencent (TCEHY) to Report Q4 Earnings: What's in the Cards?,2019-03-19,0
2857,Wall Street Climbs on Monday,2019-03-18,1
243,BMO likes Amgen and Gilead in premarket analyst action,2019-03-15,0
2553,Top Ranked Momentum Stocks to Buy for March 14th,2019-03-14,0
1087,Boeing Continues To Weigh On Dow Jones As Tech Names Buoy Broader Market,2019-03-13,-1
1088,"Apple, Rio Tinto in Advance Talks to Cut Carbon Footprint",2019-03-12,1
4743,"AllianceBernstein February AUM gains 1.7% on inflows, market appreciation",2019-03-11,1
1089,6 Stocks Underperforming Gurus' Portfolios,2019-03-08,-1
1795,6 Low Price-Sales Stocks,2019-03-07,0
244,6 Stocks Beating the Market,2019-03-06,0
6903,6 Stocks Growing Book Value,2019-03-05,0
1212,Midday movers and shakers,2019-03-04,0
2859,Advance Auto Parts Reaches 80-Plus Relative Strength Rating Benchmark,2019-03-01,1
245,Booking Holdings (BKNG) Q4 Earnings & Revenues Beat Estimates,2019-02-28,1
247,"Oxford Asset Management Buys Federal Street Acquisition Corp, Tesaro Inc, BHP Group PLC, Sells ...",2019-02-27,0
248,Top Ranked Momentum Stocks to Buy for February 26th,2019-02-26,0
249,"The Zacks Analyst Blog Highlights: McDonald's, CVS Health, Celgene, Coca-Cola and Agilent",2019-02-25,0
251,"Top Research Reports for McDonald's, CVS Health & Celgene",2019-02-22,0
253,Agilent (A) Surpasses Earnings and Revenue Estimates in Q1,2019-02-21,1
254,"Agilent Technologies, Inc.'s (A) CEO Mike McMullen on Q1 2019 Results - Earnings Call Transcript",2019-02-20,0
1798,"Is Aaron's, Inc. (AAN) a Great Stock for Value Investors?",2019-02-19,0
259,Will New Technologies Benefit Agilent (A) in Q1 Earnings?,2019-02-18,1
262,3 Things to Know About Q4 Earnings Season,2019-02-15,0
1094,"Aluminum Is In Deficit, But Prices Don't Reflect Any Shortage",2019-02-14,-1
263,Agilent Technologies (A) Earnings Expected to Grow: What to Know Ahead of Next Week's Release,2019-02-13,0
1371,Agricultural Commodities Post WASDE,2019-02-12,0
1095,Sector Allocation Strategy: Energy Is Revving Up For A Run,2019-02-11,1
12924,Aceto and Forum Energy Technologies among Energy/Materials gainers; MagneGas Applied Technology Solutions and Superior Energy Services among losers,2019-02-08,0
264,Tracking William Von Mueffling's Cantillon Capital Management Portfolio - Q4 2018 Update,2019-02-07,0
7730,Arbor Realty Trust Schedules Fourth Quarter —…–8 Earnings Conference Call,2019-02-06,0
4753,"Report: Exploring Fundamental Drivers Behind Wix, Zillow Group, AllianceBernstein Holding, ...",2019-02-05,0
4754,Stocks To Watch Ahead Of Earnings: AllianceBernstein,2019-02-04,0
2874,Advance Auto Parts (AAP) Upgraded to Buy: Here's What You Should Know,2019-02-01,0
1096,"Trump to sign order to buy American steel, iron",2019-01-31,0
6833,Is FS KKR Capital's 12.2% Yield At Risk?,2019-01-30,0
1097,Alcoa: Lightweight Or Heavy Metal?,2019-01-29,0
1099,Aluminum -3% after U.S. removes Rusal from sanctions,2019-01-28,1
1813,Stocks To Watch: Aaron's Sees Relative Strength Rating Jump To 91,2019-01-25,1
1100,"MGM Growth Properties, Alcoa, Arbor Realty Trust and Chatham Lodging Trust highlighted as Zacks Bull and Bear of the Day",2019-01-24,0
7734,3 Great REITs to Buy Right Now,2019-01-23,0
2878,Advance Auto Parts to partner with independent shop owners,2019-01-22,1
265,Agilent Technologies: Buy For Total Return And Potential Technology Growth,2019-01-21,0
269,TE Connectivity (TEL) Q1 Earnings: What's in the Cards?,2019-01-18,0
1105,Focus Returns To Earnings Season (Wall Street Breakfast),2019-01-17,0
1107,Alcoa Corporation (AA) CEO Roy Harvey on Q4 2018 Results - Earnings Call Transcript,2019-01-16,0
1113,Notable earnings after Wednesday's close,2019-01-15,1
270,Will Agilent (A) Beat Estimates Again in Its Next Earnings Report?,2019-01-14,1
1121,Key Earnings Reports Next Week,2019-01-11,0
1815,Stocks To Watch: Aaron's Sees Relative Strength Rating Jump To 83,2019-01-10,1
271,Agilent Technologies Meets 80-Plus Relative Strength Rating Benchmark,2019-01-09,1
2883,"Daimler Unveils Partly-Automated Truck, To Invest 500M Euro",2019-01-08,0
2886,Tesla (TSLA) to Break Ground on Gigafactory Plant in China,2019-01-07,1
1123,"Copper bounces as China eases reserve requirements, eyes U.S. trade talks",2019-01-04,0
272,Needham sees 27% upside in Thermo Fisher in today's analyst action,2019-01-03,1
2893,5 Great S&P 500 Stocks to Buy in 2019,2019-01-02,0
2894,Is Advance Auto Parts (AAP) Stock Outpacing Its Retail-Wholesale Peers This Year?,2019-01-01,1
1124,"Centene finishes first, Coty last on S&P 500 for 2018",2018-12-31,0
7740,Generating Income And Limiting Risk - Strategies To Create A Balanced Portfolio And Boost Income,2018-12-28,1
5579,Top 5 Companies From Nordics To Watch In 2019,2018-12-27,0
1125,New Strong Sell Stocks for December 26th,2018-12-26,0
8405,Gold: All Systems A 'Go' For 2019!,2018-12-25,0
1215,"An SEC Investigation At AAC Holdings, Previously Undisclosed, Now Appears To Be Expanding",2018-12-24,-1
2898,$13 Million Investment Bank Managed Stock Market And Bond Portfolio Review,2018-12-21,0
273,21 Upcoming Dividend Increases To Round Out 2018,2018-12-20,0
4105,Almaden Appoints Financial Advisor to Assist in Arranging Project Finance for the Ixtaca ...,2018-12-19,0
1217,Board Ousts CEO As International Crises Mount For Acadia Healthcare,2018-12-18,-1
1126,"Brigade Capital Management, Llc Buys Cumulus Media Inc, Alcoa Corp, Rowan PLC, Sells Platform ...",2018-12-17,0
1127,Steven Romick's Top 5 Holdings as of 'rd Quarter,2018-12-14,0
1219,One More Deep Dive Off The Short End,2018-12-13,0
2902,Is Advance Auto Parts (AAP) Stock Outpacing Its Retail-Wholesale Peers This Year?,2018-12-12,1
274,Healthcare And Biotechnology Dashboard - Update,2018-12-11,0
275,Twist Bio down 14% on expanded Agilent complaint over alleged theft of trade secrets,2018-12-10,-1
276,Top 5 Buys of the Signature Select Canadian Fund,2018-12-07,0
4769,Marine Petroleum Trust leads financial gainers; LM Funding America and SVB Financial among losers,2018-12-06,1
11536,A Look Back At Our Top 'Sleep Well At Night' REITs In 2018,2018-12-05,0
2904,Stocks Jump 1% on 90-Day Tariff Delay,2018-12-04,1
1129,The Good Business Portfolio: Q3 2018 Earnings And Performance Review,2018-12-03,0
1223,"ARCO, SRT, CIG and AM among after hour movers",2018-11-30,0
1131,ZK International and Sanchez Midstream Partners among Energy/Materials gainers; Ferrellgas Partners and Bristow among losers,2018-11-29,1
1132,Alcoa Corporation (AA) Presents at Goldman Sachs Global Metals & Mining Conference (Transcript),2018-11-28,0
1821,"Aaron's Inc.: A High-Risk Business, Gambling On Its Legacy Segment",2018-11-27,0
277,Stock Upgrades: Agilent Technologies Shows Rising Relative Strength,2018-11-26,1
1134,Alcoa Without Tariffs,2018-11-23,0
1822,ClearBridge Small Cap Strategy Portfolio Manager Commentary Q3 2018,2018-11-22,0
1135,Alcoa (AA) Outpaces Stock Market Gains: What You Should Know,2018-11-21,0
280,Global Stock Markets Red on Tuesday,2018-11-20,-1
283,Agilent Technologies (A) CEO Mike McMullen on Q4 2018 Results - Earnings Call Transcript,2018-11-19,0
1226,"NVIDIA , Gogo, PG&E and Sphere 3D among midday movers",2018-11-16,0
293,Will New Technologies Benefit Agilent (A) in Q4 Earnings?,2018-11-15,1
294,Agilent declares $0.164 dividend,2018-11-14,0
1533,Atlantic American reports Q3 results,2018-11-13,0
295,Illumina's Growth Shows No Signs of Slowing Down,2018-11-12,1
1140,"Copper price slides, sign of lingering worries about slowing global growth",2018-11-09,-1
2559,AAON declares $0.16 dividend,2018-11-08,0
1141,U.S. announces new duties on Chinese aluminum sheet products,2018-11-07,-1
1228,Healthcare and Tech tops list of midday movers,2018-11-06,0
1234,Notable earnings before Tuesday's open,2018-11-05,1
299,Agilent launches new water quality analyzer,2018-11-02,0
1827,"Wedge Capital Management L L P Buys PG&E Corp, Spectrum Brands Holdings Inc, FirstEnergy ...",2018-11-01,0
300,"Analysis: Positioning to Benefit within At Home Group, Synopsys, Agilent Technologies, AGNC ...",2018-10-31,1
301,"Twist Bioscience IPO - Love The Company, Hate The Price",2018-10-30,0
1828,6 Companies Growing Earnings,2018-10-29,0
2949,"Sonic Automotive (SAH) Q3 Earnings Beat, Revenues Miss",2018-10-26,1
1146,Alcoa (AA) Gains But Lags Market: What You Should Know,2018-10-25,0
1834,Notable earnings before Thursday's open,2018-10-24,1
1373,Sticking To The Short End (For Now),2018-10-23,0
2960,IBD Stock Of The Day Nears Buy Point Days Ahead Of Earnings Report,2018-10-22,-1
302,"Xact Kapitalforvaltning AB Buys Broadcom Inc, SPDR S&P 5……, Qurate Retail Inc, Sells ...",2018-10-19,0
2962,Auto Parts Retailers' Overreaction To The Walmart News,2018-10-18,-1
304,Agilent Technologies Sees RS Rating Rise To 72,2018-10-17,1
2967,Wall Street Rises on Strong Earnings,2018-10-16,1
2968,Harley-Davidson (HOG) Q3 Earnings: What's in the Offing?,2018-10-15,-1
305,Agilent Technologies Enters Oversold Territory,2018-10-12,-1
2972,"Community Financial Services Group, LLC Buys Thor Industries Inc, General Electric Co, Advance ...",2018-10-11,0
2976,Cummins' (CMI) Board Approves $2B Share Repurchase Program,2018-10-10,0
7783,John And Jane's September Dividend Increases And Income Tracker - Taxable Account,2018-10-09,1
2977,Toyota (TM) Recalls 2.4M Vehicles on Flawed Hybrid System,2018-10-08,-1
306,"Elm Advisors, Llc Buys Wells Fargo, Chevron Corp, Agilent Technologies Inc",2018-10-05,0
1836,How Long Aaron's Can Continue to Grow,2018-10-04,0
307,Agilent To Acquire ACEA Biosciences For Cell Analysis Technologies,2018-10-03,0
2980,"The Zacks Analyst Blog Highlights: Advance Auto Parts, Guess', Tilly's, UFP Technologies and Cleveland-Cliffs",2018-10-02,0
2982,5 Top Stocks to Break the 'October Effect' Jinx,2018-10-01,1
309,Agilent goes ex-dividend on Monday,2018-09-28,0
2983,"Auto Stock Roundup: Thor Q4 Earnings Lag, Nissan Recalls, BorgWarner Inks EV Deal",2018-09-27,-1
310,"Agilent Eyes Cell Analysis Portfolio Expansion, To Buy ACEA",2018-09-26,0
2986,AutoZone: Q4 Highlights,2018-09-25,0
1838,Stock Upgrades: Aaron's Shows Rising Relative Strength,2018-09-24,1
311,IBD Rating Upgrades: Agilent Technologies Shows Improved Price Strength,2018-09-21,1
1534,Financials - Top 5 Gainers / Losers as of 1:00 PM (09/20/2018),2018-09-20,0
313,Agilent declares $0.149 dividend,2018-09-19,0
314,Electronics Testing Equipment Outlook: Solid Demand Ahead,2018-09-18,1
2992,AutoZone: The Potential Remains,2018-09-17,0
2993,Advance Auto Parts: Margin Expansion To Drive Value,2018-09-14,1
315,Why Is Agilent (A) Up 4.9% Since Last Earnings Report?,2018-09-13,1
316,36 'Safer' Dividend Healthcare WallStars For September,2018-09-12,0
8534,Kinross Gold: Looking At Rebound Potential,2018-09-11,0
2995,Invesco S&P 500 Equal Weight ETF (RSP) August Summary,2018-09-10,0
1840,Aaron's: Tale Of 2 Segments,2018-09-07,0
5194,Consumer - Top 5 Gainers / Losers as of 12:00 PM (09/06/2018),2018-09-06,0
2998,"Advance Auto Parts (AAP) Hits 52-Week High, Can the Run Continue?",2018-09-05,0
2567,August: Hot Weather and a Hot Market,2018-09-04,0
3000,O'Reilly Automotive (ORLY) Hits Fresh High: Is There Still Room to Run?,2018-09-03,0
1237,"Research Report Identifies Engility, SLM, Kraton, AAC, Array BioPharma, and Symantec with ...",2018-08-31,0
6931,"Another emerging market moves to shore up its currency--this time, Brazil",2018-08-30,1
3001,"S&P 500 Hits 2,900: Best Performing Stocks YTD",2018-08-29,1
317,Tesla: Why The Slow Demise Of The Models S And X Is A Bigger Problem Than Model 3's Production Ramp,2018-08-28,-1
5640,Enphase Energy Boldly Going Where No Microinverter Has Gone Before!,2018-08-27,0
5196,Here's Why You Should Steer Clear of AmerisourceBergen Now (Revised),2018-08-24,0
318,5 Tech Stocks Momentum Investors Should Buy Right Now,2018-08-23,0
3007,The Economic Outlook For Auto Parts Retailers Looks Good,2018-08-22,1
320,FDA OKs expanded use for Agilent companion diagnostic test; shares up 1%,2018-08-21,1
4150,A Difficult Quarter For Advantage Oil & Gas,2018-08-20,-1
321,Agilent acquires business of South Korean partner,2018-08-17,0
3010,"Auto Stock Roundup: Earnings Approaching End, Ford to Spend on Self-Driving Technology",2018-08-16,0
322,' Stocks Down on Wednesday,2018-08-15,-1
326,Agilent Technologies Inc. (A) CEO Michael McMullen on Q3 2018 Results - Earnings Call Transcript,2018-08-14,0
330,Notable earnings after Tuesday's close,2018-08-13,1
1846,Aaron's declares $0.03 dividend,2018-08-10,0
334,Will New Technologies Benefit Agilent (A) in Q3 Earnings?,2018-08-09,1
335,6 Tech Stocks Poised to Smash Estimates This Earnings Season,2018-08-08,0
1847,Stock Upgrades: Aaron's Shows Rising Relative Strength,2018-08-07,1
337,Factors Setting the Tone for Shutterfly's (SFLY) Q2 Earnings,2018-08-06,0
339,5 Health Care Stocks Gurus Are Buying,2018-08-03,0
1447,"Bill Erbey sues Pimco, BlackRock",2018-08-02,0
340,Meet The 'Safer' 35 Healthcare High Yield WallStars For July,2018-08-01,0
342,New finance chief at Agilent,2018-07-31,0
343,Square's (SQ) Robust Portfolio is Likely to Aid Q2 Earnings,2018-07-30,1
347,Fortive (FTV) Beats on Q2 Earnings & Revenue Estimates,2018-07-27,0
1852,Aaron's (AAN) Q2 2018 Results - Earnings Call Transcript,2018-07-26,0
350,Bionano Genomics Proposes Terms For IPO,2018-07-25,0
1856,Dividend Sensei's Portfolio Update 44: 5 Important Charts All Investors Need To See,2018-07-24,0
353,What's in Store for Amphenol (APH) This Earnings Season?,2018-07-23,0
5662,Will Two Straight Good Quarters Mark A Turn For ABB?,2018-07-20,0
355,"Factory Mutual Insurance Co Buys Agilent Technologies Inc, Alexion Pharmaceuticals Inc, Morgan ...",2018-07-19,0
5668,Notable earnings before Thursday's open,2018-07-18,1
7802,"Arbor Realty Trust, Inc. Announces Pricing of $–'… million of 5. ...",2018-07-17,0
1858,Dividend Sensei's Portfolio Update 43: The 3 Essential Things All Investors Need To Get Rich,2018-07-16,0
4824,Has AllianceBernstein Holding L.P. (AB) Outpaced Other Finance Stocks This Year?,2018-07-13,1
1374,AdvisorShares introduces two new ETFs--one micro cap and one short,2018-07-12,0
4825,AllianceBernstein June AUM slips to $540B from $541B in May,2018-07-11,-1
1859,Can Aaron's (AAN) Bank on Progressive Unit for a Turnaround?,2018-07-10,1
1860,Dividend Sensei's Portfolio Update 42: 3 Reasons A Perfect Jobs Report Spells Great News For Stocks,2018-07-09,1
7806,U.S. Triggers Off Trade War: Best & Worst Investing Zones,2018-07-06,0
6950,Heineken ramps up battle against Anheuser-Busch InBev in Brazil,2018-07-05,1
23570,Adamis Pharmaceuticals: The Long Wait Is Over,2018-07-04,0
1375,Why Broad Market Index Funds Are Winning For Now,2018-07-03,0
5672,"Fuel Cells, No Longer Too Early",2018-07-02,0
356,Is Agilent Technologies Due for a Rebound?,2018-06-29,0
357,Agilent Tech acquires ProZyme,2018-06-28,0
1376,What You Need Might Cost More Than Three Basis Points,2018-06-27,0
7813,Stock Upgrades: Arbor Realty Trust Shows Rising Relative Strength,2018-06-26,1
1243,AAC Holdings Sees Hammer Chart Pattern: Time to Buy?,2018-06-25,0
4826,Cushion Your Portfolio with These 5 High Yielding Stocks,2018-06-22,0
1377,Danielle On The Financial Survival Network,2018-06-21,0
7816,Will HCP's Endeavors to Revamp Portfolio be Sufficient?,2018-06-20,0
2577,Alpha Achieved: How I Beat The Market,2018-06-19,0
4154,Oil and Gas - Drilling Stock Outlook: Too Many Negative Catalysts,2018-06-18,-1
4827,CME Group (CME) Prices $1.2 Billion Senior Unsecured Notes,2018-06-15,0
359,Agilent (A) Gets FDA Approval for Cervical Cancer Test Assay,2018-06-14,1
360,Agilent Technologies (A) Down 4.5% Since Earnings Report: Can It Rebound?,2018-06-13,-1
1244,Envision Healthcare's (EVHC) Ratings on Review for Downgrade,2018-06-12,-1
1537,Atlantic American names Rick Burns as Executive Vice President of Atlantic American Corporation ...,2018-06-11,0
6954,"New Research: Key Drivers of Growth for Teekay Offshore Partners, Taiwan Semiconductor ...",2018-06-08,0
361,Agilent (A) Investor Presentation - Slideshow,2018-06-07,0
2578,Picking Winners In The Established HVACR Industry,2018-06-06,1
7827,SL Green Revamps Portfolio Through Strategic Dispositions,2018-06-05,0
362,"Agilent Completes AATI Acquisition, Strengthens Portfolio",2018-06-04,1
1246,5 Top Stocks to Pull Through the June Swoon,2018-06-01,-1
3049,Sanity Restored - Cramer's Mad Money (5/30/18),2018-05-31,0
364,Agilent to acquire Ultra Scientific,2018-05-30,0
2579,"Report: Exploring Fundamental Drivers Behind ServisFirst Bancshares, Iovance Biotherapeutics, ...",2018-05-29,0
7835,Why This is the Best Time to Buy Host Hotels (HST) Stock,2018-05-28,0
3053,"Richmond Hill Investment Co., LP Buys Post Holdings Inc, Sells Advance Auto Parts Inc",2018-05-25,0
365,Agilent's (A) Latest Buyout to Bolster Presence in Korea,2018-05-24,1
366,Agilent to acquire assets from South Korean distributor Young In Scientific,2018-05-23,0
3059,Advance Auto Parts' (AAP) CEO Tom Greco on Q1 2018 Results - Earnings Call Transcript,2018-05-22,0
1247,"Factors of Influence in —…–8, Key Indicators and Opportunity within MSA Safety ...",2018-05-21,0
2580,AAON Announces —'% Increase in Cash Dividend and Stock Buyback Program,2018-05-18,1
367,"Strong Product Portfolio Aids Agilent (A), Risks Persist",2018-05-17,1
368,Agilent declares $0.149 dividend,2018-05-16,0
370,"Itron (ITRI) Q1 Earnings In Line, Revenues Beat Estimates",2018-05-15,1
374,Agilent Technologies (A) CEO Michael McMullen on Q2 2018 Results - Earnings Call Transcript,2018-05-14,0
382,"Quantbot Technologies LP Buys Cisco Systems Inc, Dominion Energy Inc, eBay Inc, Sells Costco ...",2018-05-11,0
2582,"Falling Earnings Estimates Signal Weakness Ahead for AAON, Inc. (AAON)",2018-05-10,-1
3073,Can Advance Auto Parts Turn Itself Around?,2018-05-09,0
1449,Altisource Asset Management reports Q1 results,2018-05-08,0
384,"Wayfair (W) Q1 Loss Wider Than Anticipated, Revenues Beat",2018-05-07,-1
385,"Mettler-Toledo (MTD) Q1 Earnings Lag Estimates, Revenues Top",2018-05-04,0
2585,"AAON misses by $0.17, beats on revenue",2018-05-03,0
386,Agilent to buy lab management software developer Genohm,2018-05-02,0
1250,Notable earnings after Wednesday's close,2018-05-01,1
387,AMETEK (AME) Warms Up to Q1 Earnings: What's in the Offing?,2018-04-30,0
389,Fortive's (FTV) Q1 Earnings and Revenues Beat Estimates,2018-04-27,1
392,First Data (FDC) Q1 Earnings: A Disappointment in Store?,2018-04-26,-1
393,What's in the Offing for Nielsen (NLSN) in Q1 Earnings?,2018-04-25,0
5699,Schneider Electric Still Not Getting Full Marks For Its Performance,2018-04-24,-1
394,Can a Diverse Portfolio Lift Maxim's (MXIM) Earnings in Q3?,2018-04-23,1
2587,"Logos LP Q1 2018 Commentary - Long McKesson, Booking Holdings, Check Point Software And BofI Holdings",2018-04-20,0
396,Danaher Q1 beat positive for peers - Evercore ISI,2018-04-19,1
5706,Notable earnings before Thursday's open,2018-04-18,1
5708,ABB to provide high-power EV chargers across the U.S.,2018-04-17,0
4839,HP Has The Best 3-D Printing Technology - Cramer's Lightning Round (4/13/18),2018-04-16,1
3079,"Stormborn Capital Management, LLC Buys Dollar General Corp, Advance Auto Parts Inc, Hyatt ...",2018-04-13,0
2588,"AAON, Inc. (AAON) Sees Hammer Chart Pattern: Time to Buy?",2018-04-12,0
397,Amazon Extends Two-Hour Whole Foods Delivery Service to LA,2018-04-11,0
2589,Should You Invest in the PowerShares Dynamic Building & Construction Portfolio (PKB)?,2018-04-10,0
398,"Strong Product Portfolio Aids AMETEK (AME), Risks Persist",2018-04-09,1
5711,ABB hopes for U.S. concessions for tariffs on Chinese special steel,2018-04-06,1
3081,"Auto Stock Roundup: March Sales Up, TSLA Production Grows, GM to End Monthly Report",2018-04-05,1
400,IBD Rating Upgrades: Agilent Technologies Shows Improved Relative Price Strength,2018-04-04,1
402,Agilent to acquire remaining shares of Lasergen for $105M,2018-04-03,0
3082,Advance Auto Parts CFO resigns,2018-04-02,-1
11581,"Real Estate Rallies, Still Ends Quarter Down Nearly 10%",2018-03-30,-1
403,"Upcoming Dividends: 27 Companies, 6 Increases, 5 Double-Digit Increases",2018-03-29,0
7882,UDR Rewards Investors With 4% Hike in Annualized Dividend,2018-03-28,1
404,Agilent Technologies Shows Rising Relative Strength; Still Shy Of Key Benchmark,2018-03-27,1
1540,Atlantic American declares $0.02 dividend,2018-03-26,0
4111,The Elite 8 Of 'Value' Based Silver Companies,2018-03-23,0
3089,"Auto Stock Roundup: Uber Crash Hits Self-Driving, SUP Tops, AZO Boosts Buyback",2018-03-22,1
405,Agilent declares $0.149 dividend,2018-03-21,0
14430,Are Options Traders Betting on a Big Move in Achillion Pharmaceuticals (ACHN) Stock?,2018-03-20,0
4850,6 Reasons to Add AllianceBernstein (AB) in Your Portfolio,2018-03-19,0
406,Philips' Dual Use DRF System Gets FDA Nod for Marketing,2018-03-16,1
1876,"Upcoming Dividends: 24 Companies, 8 Increases, 4 Double-Digit Increases",2018-03-15,0
7894,Hudson Pacific (HPP) Inks a Lease Renewal with InvenSense,2018-03-14,1
6963,Anheuser-Busch InBev: Investing In The Whole Company Or The Ambev Portion?,2018-03-13,0
1877,By The Numbers: Best Stocks In Consumer Discretionary,2018-03-12,0
407,Danaher Agrees To Acquire Integrated DNA Technologies For Genetic Tech,2018-03-09,1
408,"Agilent's AATI Acquisition to Strengthen Portfolio, Footprint",2018-03-08,1
4159,Energy/Materials - Top Gainers / Losers as of 2:00 pm (3/7/2018),2018-03-07,0
410,Agilent Technologies Shows Improved Relative Price Performance; Still Shy Of Benchmark,2018-03-06,1
1879,Tariff War Protection For Boeing,2018-03-05,0
412,Utilities See Pattern Best Gainer And Kenon Holdings Top Yielder Per February Stats,2018-03-02,1
1450,Altisource Asset Management reports Q4 results,2018-03-01,0
4859,5 Reasons to Add Lazard (LAZ) Stock to Your Basket Right Now,2018-02-28,0
1880,Should Value Investors Pick Aaron's (AAN) Stock?,2018-02-27,0
413,"Tiger Management Buys eBay, IQVIA, Comcast",2018-02-26,0
415,Steve Mandel Takes an Interest in IQVIA Holdings,2018-02-23,0
416,Aceto: Collapsing Generic Drug Pricing Brings Risk Of Covenant Violations,2018-02-22,-1
417,"Investor Expectations to Drive Momentum within Easterly Government Properties, Terreno Realty, ...",2018-02-21,1
1258,Notable earnings after Wednesday's close,2018-02-20,1
4865,AllianceBernstein Poised For An Upside Run In 2018,2018-02-19,1
418,Agilent Technologies Shows Market Leadership With Jump To 83 RS Rating,2018-02-16,1
419,"Agilent (A) Q1 Earnings & Revenues Beat, '18 View Positive",2018-02-15,1
420,Agilent Technologies (A) Q1 2018 Results - Earnings Call Transcript,2018-02-14,0
425,Notable earnings after Wednesday's close,2018-02-13,1
427,What's in the Cards for Agilent (A) in Q1 Earnings Season?,2018-02-12,0
1898,Stocks With Rising Relative Strength: Aaron's,2018-02-09,0
3111,"ADVANCE AUTO PARTS LEAD PLAINTIFF ALERT: Faruqi & Faruqi, LLP Encourages Investors Who ...",2018-02-08,1
3112,Advance Auto Parts declares $0.06 dividend,2018-02-07,0
432,Will Growth in Diner Base Aid GrubHub's (GRUB) Q4 Earnings?,2018-02-06,1
4163,Canadian Natural Gas Disaster: Outlook And Strategy,2018-02-05,0
11987,What's in the Offing for Emerson (EMR) in Q1 Earnings?,2018-02-02,0
5733,"Eaton (ETN) Tops Q4 Earnings Estimates, Issues 2018 Guidance",2018-02-01,1
1900,Consumer Confidence Soars: 5 Retail Stocks Poised to Benefit,2018-01-31,1
3114,"The Zacks Analyst Blog Highlights: Advance Auto Parts, Children's Place, Diplomat Pharmacy, Oshkosh and BRT Apartments",2018-01-30,0
435,"Eaton Vance Worldwide Health Sciences Fund Buys AbbVie Inc, Royal Philips NV, Anthem Inc, Sells ...",2018-01-29,0
1901,—…–7 OSV Action Score Portfolio Performance,2018-01-26,0
6541,Learning A-Z Attains IMS Global Certification for OneRoster v–.– Standard,2018-01-25,1
1902,Tractor Supply's (TSCO) Strategies to Drive Earnings in Q4,2018-01-24,1
5738,Clean Energy Investing: Signs Of Alpha,2018-01-23,0
1904,Stocks Showing Improved Relative Strength: Aaron's,2018-01-22,1
8708,Minimal Volatility In Chinese Economic Data,2018-01-19,0
436,The 1% Dividend Growth Model Portfolio Will Break The Mold And Transform Opinions,2018-01-18,1
8712,Barrick Gold Corp.: A Million Dollar Options Play?,2018-01-17,0
3120,Advance Auto Parts Stock Analysis: How It Stacks Up Against Peers O'Reilly And Autozone,2018-01-16,0
7912,3 Stocks in Focus on New Analyst Coverage,2018-01-15,0
4164,If You Think Gas Prices Are Cheap Then Jump In,2018-01-12,0
1905,Boeing: Winning,2018-01-11,0
437,Agilent (A) Expands Portfolio With Luxcel Biosciences Buyout,2018-01-10,1
439,Agilent (A) Presents At 36th Annual J.P. Morgan Healthcare Conference - Slideshow,2018-01-09,0
1542,Financials - Top 5 Gainers / Losers as of 1:30 PM,2018-01-08,0
4874,"Zacks.com highlights: Sonoco Products, Hitachi, AllianceBernstein Holding, Xcerra and SK Telecom",2018-01-05,0
4165,Advantage Oil & Gas Loves Cold Hard Cash,2018-01-04,0
7915,Is Arbor Realty Trust a Great Stock for Value Investors?,2018-01-03,0
3126,Digital Power High on Acquisition News,2018-01-02,1
46668,"Precious Metals Finish Strong, Investors Eye Silver In 2018; David Morgan: Smart Money",2018-01-01,1
441,AdvisorShares Announces December —…–7 Distributions,2017-12-29,0
3130,"Auto Stock Roundup: Honda EV Activities, Volkswagen Crossover Versions in Focus",2017-12-28,0
4877,4 Factors That Make AllianceBernstein Stock a Good Bet Now,2017-12-27,0
3131,Advance Auto Parts: About That Turnaround,2017-12-26,0
8731,"Gold, Silver, Platinum, Palladium - Price And Stock Forecasts/Recommendations For 2018",2017-12-25,0
442,Is Agilent Technologies With A Good Business And Total Return To Pricey?,2017-12-22,0
443,"Agilent Technologies Inc (A) Files –…-K for the Fiscal Year Ended on October '–, —…–7",2017-12-21,0
3135,Advance Auto Parts goes ex-dividend tomorrow,2017-12-20,0
1906,New tax rule could benefit Aaron's and Rent-A-Center,2017-12-19,1
5751,Regal Beloit Poised for Healthy Growth Despite Margin Woes,2017-12-18,1
446,6 Stocks Beating the Market,2017-12-15,0
3136,Is Amazon To Blame For Auto Parts Retailers' Troubles,2017-12-14,-1
4879,"Zacks.com featured highlights: Sprouts Farmers Market, AllianceBernstein Holding, American Woodmark, Patrick Industries and Thor Industries",2017-12-13,0
3137,Advance Auto Parts and Interstate Batteries announce a strategic partnership,2017-12-12,0
7918,"Top Dividend Challenger Net Gains Are By GEO, DDR, And Andeavor In December",2017-12-11,0
1907,73 Dividend Growth Stocks Going Ex-Dividend Next Week,2017-12-08,0
6544,Moody's sours on U.S. higher education,2017-12-07,-1
7920,5 Stocks Near 52-Week High With Scope to Scale Higher,2017-12-06,1
5753,"Foreign Stock Roundup: Statoil Buys Oil Field Stakes for $1.45B, Shell Resumes Dividend Payment",2017-12-05,0
447,Dodge Agilent's Bubble Price,2017-12-04,0
5755,Industrial Machinery Stock Outlook - December 2017,2017-12-01,0
3139,Greenlight Morning on the Back of Strong US Labor Market,2017-11-30,1
448,Spark Energy Still Tops 'Safer' Dividend Utilities By Broker Reckoned November Gains,2017-11-29,1
4881,"Zacks.com featured highlights: Sprouts Farmers Market, AllianceBernstein, Landstar System, Medifast and Ross Stores",2017-11-28,0
5761,"ABB, Kawasaki partner on 'cobots'",2017-11-27,0
3142,Tracking Allan Mecham's Arlington Value Capital Portfolio - Q3 2017 Update,2017-11-24,0
14466,Glaxo (GSK) Files for U.S. Label Expansion of COPD Inhaler,2017-11-23,0
3144,"Auto Stock Roundup: TM, F, VLKAY Scale EV Move, GM to Reveal Autonomous Vehicles Status",2017-11-22,0
450,4 Stocks Investors Should Watch on Tuesday,2017-11-21,0
454,Agilent Technologies' (A) CEO Mike McMullen on Q4 2017 Results - Earnings Call Transcript,2017-11-20,0
460,"Agilent Technologies Rewards Shareholders, Hikes Dividend",2017-11-17,1
462,"Top Analyst Reports for TOTAL S.A., Humana & Novo Nordisk",2017-11-16,0
3147,"Coronation Fund Managers Ltd. Buys Taiwan Semiconductor Manufacturing Co, Noah Holdings, L ...",2017-11-15,0
463,"Itron Extends SMECO Contract, Offers Outsourced Solution",2017-11-14,1
464,Fujifilm (FUJIY) Invests ??170M on TOKIWA-Bio's Tech-License,2017-11-13,0
465,"Market Trends Toward New Normal in Domino's Pizza, Sangamo Therapeutics, Entergy, Agilent ...",2017-11-10,1
4167,Are You Feeling Low on Energy?,2017-11-09,-1
12009,"Middleby's (MIDD) Q3 Earnings Miss Estimates, Revenues Beat",2017-11-08,-1
6579,Advisory Board Company Sees IBD RS Rating Climb To 72,2017-11-07,1
2596,New Strong Sell Stocks for November 6th,2017-11-06,0
466,Itron (ITRI) Q3 Earnings & Revenues Lag on Shipment Delays,2017-11-03,-1
10817,Horizon Pharma (HZNP) Q3 Earnings: A Disappointment in Store? (revised),2017-11-02,-1
467,"Fujifilm (FUJIY) Q2 Earnings Up Y/Y, Revenues Top Estimates",2017-11-01,1
1908,Rent-A-Center (RCII) Reports Wider-Than-Expected Q3 Loss,2017-10-31,-1
1909,Gurus Are Investing in These Industrial Companies,2017-10-30,0
7929,Arbor Realty Trust Schedules Third Quarter —…–7 Earnings Conference Call,2017-10-27,0
2597,"AAON, Inc. Third Quarter —…–7 Sales and Earnings Review Conference Call",2017-10-26,0
468,MKS Instruments (MKSI) Beats on Q3 Earnings and Revenues,2017-10-25,1
1912,Factors Likely to Decide Aaron's (AAN) Fate in Q3 Earnings,2017-10-24,0
469,"Nationwide Fund Advisors Buys DowDuPont Inc, PepsiCo Inc, Visa Inc, Sells General Electric Co, ...",2017-10-23,0
1913,Stocks Showing Market Leadership: Aaron's Earns 92 RS Rating,2017-10-20,1
3158,"Alta Capital Management Llc Buys Broadridge Financial Solutions Inc, Walt Disney Co, Sells CRH ...",2017-10-19,0
14012,Acadia Healthcare Announces Date for Third Quarter —…–7 Earnings Release,2017-10-18,0
5767,"Anderson Hoagland & Co Buys Oracle Corp, Post Holdings Inc, General Electric Co, Sells ...",2017-10-17,0
10270,"Ecofin Ltd Buys First Solar Inc, Atlantica Yield PLC, TerraForm Power Inc, Sells USG Corp, ...",2017-10-16,0
4884,"Guinness Asset Management LTD Buys Facebook Inc, TPI Composites Inc, Ormat Technologies Inc, ...",2017-10-13,0
8760,Is Barrick Gold Corporation (ABX) a Great Stock for Value Investors?,2017-10-12,0
470,Why You Should Add Agilent (A) to Your Portfolio Right Now,2017-10-11,0
4886,5 DuPont-Enriched Quality Picks to Handel Sudden Sell-Off,2017-10-10,-1
1914,"FPA Capital Sells Western Digital, Arris, Aaron's",2017-10-09,0
1915,"FPA Capital Fund Buys Allegiant Travel Co, Federated Investors Inc, Helmerich & Payne Inc, ...",2017-10-06,0
3160,"Auto Stock Roundup: September Sales Rebound, EV Race Continues, Tesla Misses Production Goals",2017-10-05,-1
15022,"ACI Spotlights Next-Generation Faster Payments Solutions, Fraud Prevention Strategies and New ...",2017-10-04,0
14472,Will Gilead & AbbVie Benefit from Merck's Decision to Drop Two HCV Programs?,2017-10-03,0
18062,3 Biotech and Pharma Stocks with Key FDA Catalysts this October,2017-10-02,1
472,VWR's New Kitting Center in Czech Republic to Boost EMEA Arm,2017-09-29,1
1916,Best Buy Shows Rising Price Performance With Jump To 84 RS Rating,2017-09-28,1
473,Agilent Boosts Market Share With FDA Nod to New Cancer Test,2017-09-27,1
1917,7 High-Quality Stocks,2017-09-26,0
5770,Stock Futures Edge Lower; Dow Component Sheds Another Business,2017-09-25,-1
1918,Best Buy Getting Closer To Key Technical Benchmark,2017-09-22,1
3161,"Auto Stock Roundup: Recalls Continue, Ford Partners Mahindra, AutoZone Reports Q4 Results",2017-09-21,0
22479,Stocks Flashing Renewed Technical Strength: Qorvo,2017-09-20,1
1920,Pick These 4 Stocks to Counter Soft August Retail Sales,2017-09-19,0
1921,"Fall in August Retail Sales, Just Make Things Tough for Fed",2017-09-18,-1
474,Agilent Technologies (A) Up 10.6% Since Earnings Report: Can It Continue?,2017-09-15,1
1922,Don't Miss the Rally: 4 Retail Stocks Near Fresh Highs,2017-09-14,0
3163,Should You Get Rid of Advance Auto Parts (AAP) Now?,2017-09-13,0
1923,5 Retail Value Stocks to Buy as Wall Street Walks a Tightrope,2017-09-12,0
1924,Is Aaron's (AAN) a Great Stock for Value Investors?,2017-09-11,0
1926,Ride the Momentum Wave With These 4 Picks,2017-09-08,0
1927,"Fred's (FRED) Q2 Loss Narrower Than Expected, Shares Surge",2017-09-07,-1
1928,5 Retail Stocks that Triumphed Over Industry Challenges,2017-09-06,0
1931,What's in the Cards for Conn's (CONN) This Earnings Season?,2017-09-05,0
5772,ABB Enhances Smart Home Experience With Amazon and Sonos,2017-09-04,1
16417,Acorda Therapeutics Sees RS Rating Climb To 71,2017-09-01,1
1932,Bob Evans (BOBE) in Focus: Stock Moves 6.9% Higher,2017-08-31,1
475,Agilent Technologies (A) Hits Fresh 52-Week High of $63.63,2017-08-30,1
1933,Holding for Harvey,2017-08-29,0
1934,"The Zacks Analyst Blog Highlights: Best Buy, Aaron's, Childrens Place, Big Lots and Burlington Stores",2017-08-28,0
1935,Back-to-College Shopping to Hit All-Time High: Top 5 Gainers,2017-08-25,1
1937,How Aaron's (AAN) Stock Stands Out in a Strong Industry,2017-08-24,0
476,Is Agilent Technologies (A) Stock a Solid Choice Right Now?,2017-08-23,0
6596,EQUITY ALERT: Rosen Law Firm Announces Filing of Securities Class Action Lawsuit Against The ...,2017-08-22,-1
1938,Should You Get Rid of Autobytel (ABTL) Now?,2017-08-21,0
6597,ADVISORY BOARD SHAREHOLDER ALERT: CLAIMSFILER REMINDS INVESTORS WITH LOSSES IN EXCESS OF ...,2017-08-18,0
3171,"Auto Stock Roundup: Tesla Upsizes Model 3 Funds, General Motors Expands Ride and Delivery",2017-08-17,1
477,"Stocks Take Tight Gains; Miner, Lab Tool Maker Retake Buy Points",2017-08-16,1
1942,3 Great Reports Amid Retail's Horrible Earnings Season,2017-08-15,-1
1944,Falling Earnings Estimates Signal Weakness Ahead for Bojangles (BOJA),2017-08-14,-1
1945,"AARONâS SHAREHOLDER ALERT BY FORMER LOUISIANA ATTORNEY GENERAL: KAHN SWICK & FOTI, LLC ...",2017-08-11,0
3177,"Auto Stock Roundup: General Motors Recalls, Toyota Forms JV, Tesla Sells Bonds for Model 3",2017-08-10,0
3178,"Thompson Siegel & Walmsley Llc Buys Advance Auto Parts Inc, Mednax Inc, TechnipFMC PLC, ...",2017-08-09,0
1946,Should You Get Rid of Buffalo Wild Wings (BWLD) Now?,2017-08-08,0
1948,DEADLINE ALERT: Brower Piven Reminds Investors Of Upcoming Deadline And Encourages ...,2017-08-07,0
1952,AARONâS SHAREHOLDER ALERT: CLAIMSFILER REMINDS INVESTORS WITH LOSSES IN EXCESS OF ...,2017-08-04,0
3179,"Auto Stock Roundup: U.S. Sales Decline, Tesla's Loss Wider, Penske Automotive & Honda Beat",2017-08-03,-1
1954,"The Zacks Analyst Blog Highlights: Caterpillar, First Solar and Aaron's",2017-08-02,0
1956,3 Strong Buy Stocks That Crushed Earnings Estimates This Season,2017-08-01,-1
1957,"Aaron's (AAN) Q2 Earnings & Sales Beat Estimates, Stock Up",2017-07-31,1
1960,EQUITY ALERT: Rosen Law Firm Announces Filing of Securities Class Action Lawsuit Against ...,2017-07-28,-1
1965,"Rent-A-Center (RCII) Posts Q2 Loss, Sales Fall, Stock Hurt",2017-07-27,-1
1966,"Zacks Investment Ideas feature highlights: Amazon, Best Buy, Aaron's and Conn's",2017-07-26,0
1968,Not All Retail Stocks Will Be Crushed By Amazon,2017-07-25,0
480,New Strong Buy Stocks for July 24th,2017-07-24,0
4896,Should Value Investors Pick AllianceBernstein (AB) Stock?,2017-07-21,0
3182,"Auto Stock Roundup: Harley Beats Estimates, Honda Recalls, General Motors Ties Up With Uber",2017-07-20,0
1970,"The Zacks Analyst Blog Highlights: Aaron's, Red Robin Gourmet Burgers, Best Buy, The Home Depot and Wal-Mart Stores",2017-07-19,0
1971,AAN SHAREHOLDER ALERT: The Law Offices of Vincent Wong Notifies Investors of a Class Action ...,2017-07-18,-1
481,Top Ranked Momentum Stocks to Buy for July 17th,2017-07-17,0
1972,"AAN Investor Deadline Reminder: Hagens Berman Reminds Investors in Aaronâs, Inc. ...",2017-07-14,0
3183,"Stocks Wrangle Another Win; Fiber Optics, Retail Rally, Tesla Tumbles",2017-07-13,-1
482,IndexIQ Lowers Fees For Its Suite Of 5… Percent Currency Hedged International Equity ETFs,2017-07-12,0
483,Mitek Systems (MITK) Looks Good: Stock Adds 10.5% in Session,2017-07-11,1
1973,FPA Capital Gets Allegiant in —nd Quarter,2017-07-10,1
1975,SHAREHOLDER ALERT: Brower Piven Encourages Investors Who Have Losses In Excess Of ...,2017-07-07,0
1977,RH Scales New 52-Week High on Transformation Initiatives,2017-07-06,1
484,Why Investors Should Buy Agilent Technologies (A) Right Now,2017-07-05,0
5779,"ABB Set to Buy Keymile's Business Unit, Eyes IIOT Growth",2017-07-04,0
3187,Bear of the Day: Advance Auto Parts (AAP),2017-07-03,0
1978,Which Of These June Winners Show Strength Amid Market Weakness?,2017-06-30,0
1979,Ferrari and Aaron's are Zacks Rank Buys,2017-06-29,0
36194,Why is Hold Strategy Apt for Everest Re (RE) Stock Now?,2017-06-28,0
8798,Investing in the Gold Industry,2017-06-27,0
8799,"Barrick, Novagold to Advance Donlin Project Optimization",2017-06-26,0
8800,KESSLER TOPAZ - Deadline Reminder for Barrick Gold Corporation Shareholders â ABX,2017-06-23,0
3191,"Auto Stock Roundup: Tesla Outlines Expansion Plans, Winnebago Q3 Earnings Beat",2017-06-22,0
1982,"JC Penney Down 48% in 6 Months, What Are the Chances of Revival?",2017-06-21,-1
3192,Stocks Move Lower As Oil Drops; NTSB Clears Tesla; AmEx Breaks Out,2017-06-20,-1
485,Agilent (A) Expands Use of Cancer Diagnostics in Europe,2017-06-19,1
486,Fujifilm (FUJIY) Braves Currency Headwinds on Growth Drivers,2017-06-16,-1
1985,Target (TGT) Raises Dividend to Boost Shareholder Value,2017-06-15,1
8805,The Klein Law Firm Reminds Investors of Commencement of a Class Action Filed on Behalf of ...,2017-06-14,0
487,"Fujifilm (FUJIY) Beats on Earnings, Misses Revenues in Q4",2017-06-13,-1
488,New Strong Buy Stocks for June 12th,2017-06-12,0
8807,Goldcorp to Complete Acquisition of Exeter Resource,2017-06-09,0
8809,"INVESTOR ALERT: Levi & Korsinsky, LLP Reminds Shareholders of Barrick Gold Corporation of a ...",2017-06-08,0
1988,G-III Apparel (GIII) Gains on Narrower-than-Expected Q1 Loss,2017-06-07,1
1990,"Rent-A-Center Up 50% in 3 Months, Is Stock Still Unexhausted",2017-06-06,1
12019,RBC Bearings (ROLL) Braves Risks on Strong Growth Drivers,2017-06-05,1
8813,SHAREHOLDER ALERT:Â Pomerantz Law Firm Reminds Shareholders with Losses on their Investment ...,2017-06-02,-1
8814,"BARRICK GOLD LEAD PLAINTIFF DEADLINE ALERT: Faruqi & Faruqi, LLP Encourages Investors Who ...",2017-06-01,1
8816,IMPORTANT SHAREHOLDER ALERT: Khang & Khang LLP Announces Securities Class Action Lawsuit ...,2017-05-31,-1
3193,Advance Auto Parts Inc (AAP) President and CEO Thomas Greco Bought $—.— million of Shares,2017-05-30,0
6980,Seeking Value in Brazil: Ambev,2017-05-29,0
6607,"Pivot Point Capital Partners, LLC Buys Shutterfly Inc, Sells Carter's Inc, Monro Muffler Brake ...",2017-05-26,0
1991,5 Stocks with Upgraded Broker Ratings Worth Buying Right Now,2017-05-25,0
3195,Indexes Edge Up; 3 FANG Stocks Under Heavy Trading; Retailers Hit,2017-05-24,1
489,Stocks Rise In Back And Forth Session; Will Alphabet Spin Off Waymo?,2017-05-23,0
493,Indexes Extend Gains; Momo Reverses Lower Ahead Of Earnings,2017-05-22,-1
1992,"The Top Dog Vs. The Big Threat, In Retail Consumer Electronics",2017-05-19,0
6981,"Brazil, Emerging Markets Get Roiled, But This ETF Soars 30%",2017-05-18,1
495,"Alyeska Investment Group, L.P. Buys Palo Alto Networks Inc, Citigroup Inc, Agilent Technologies ...",2017-05-17,0
21804,Chuck Royce Continues to Buy These –… Stocks,2017-05-16,0
1993,"Skyline Asset Management Lp Buys Acadia Healthcare Co Inc, LCI Industries Inc, OceanFirst ...",2017-05-15,0
8829,"Legal & General Group Plc Buys Enbridge Inc, Barrick Gold Corp, GGP Inc, Sells Spectra ...",2017-05-12,0
2599,"RK Capital Management, LLC Buys Extreme Networks Inc, AAON Inc, LCI Industries Inc, Sells ...",2017-05-11,0
8832,"BARRICK GOLD SHAREHOLDER ALERT BY FORMER LOUISIANA ATTORNEY GENERAL: KAHN SWICK & FOTI, LLC ...",2017-05-10,0
8833,5 Miners Set To Profit From A Spring Rally In Gold,2017-05-09,1
8834,"Sprott Inc. Buys Hi-Crush Partners LP, Fairmount Santrol Holdings Inc, Goldcorp Inc, Sells ...",2017-05-08,0
11622,"Blue Granite Capital, LLC Buys Sunoco Logistics Partners LP, Hanesbrands Inc, Target Corp, ...",2017-05-05,0
6982,"Intrust Bank Na Buys SPDR S&P 5……, BHP Billiton PLC, Nippon Telegraph & Telephone ...",2017-05-04,0
10283,Atlantica Yield to Present First Quarter —…–7 Financial Results on May –5,2017-05-03,0
13013,Buy Aceto Before Earnings - ACET,2017-05-02,0
22565,"Schaper Benz & Wise Investment Counsel Inc Buys Enbridge Inc, Analog Devices Inc, Albany ...",2017-05-01,0
14480,"HealthInvest Partners AB Buys Aetna, Osiris Therapeutics, Achillion Pharmaceuticals, Sells ...",2017-04-28,0
23908,Adamas Appoints Richard A. King as Chief Operating Officer to Lead Commercialization of ...,2017-04-27,0
33532,"Zombie TrumpCare Is Back, But These Health Insurer Stocks Are Breaking Out",2017-04-26,-1
8134,Over –.5 Million Vehicles Sold in the U.S. Were Purchased by Autobytel Consumers,2017-04-25,0
496,"Advisors Capital Management, LLC Buys Aircastle, Alphabet, Gaming and Leisure Properties, Sells ...",2017-04-24,0
23626,Adamis Pharmaceuticals Announces Pricing of Public Offering of Common Stock,2017-04-21,0
30403,The Vetr community has downgraded $AEO to 4-Stars,2017-04-20,-1
21643,Advanced Emissions Solutions to Host First Quarter —…–7 Conference Call on May 9th,2017-04-19,0
8841,The Vetr community has upgraded $ABX to 3.5-Stars.,2017-04-18,1
497,"Fox Run Management, L.l.c. Buys Edwards Lifesciences, Walt Disney Co, Devon Energy, Sells ...",2017-04-17,0
8843,Operational Suspensions at Barrick Gold's Veladero Mine Should Concern Investors,2017-04-14,-1
7934,Why Arbor Realty Trust (ABR) Could Be Positioned for a Surge?,2017-04-13,0
15036,Guru's Stocks With High Predictability,2017-04-12,1
6984,"Wcm Investment Management Buys Ambev SA, AIA Group, Wal - Mart de Mexico SAB de CV, Sells ...",2017-04-11,0
6610,Elliott Management Activist Streak Continues With Demands at BHP Billiton,2017-04-10,-1
8850,Barrick Gold Joins Shandong Gold in a Strategic Cooperation,2017-04-07,0
12021,"ACCO Brands to Report First Quarter —…–7 Results Wednesday, May ', —…–7",2017-04-06,0
12022,Why Pentair (PNR) is a Must-Add Stock to Your Portfolio,2017-04-05,0
8851,The Vetr community has downgraded $ABX to 4-Stars,2017-04-04,-1
8854,Where To Look For Value As Gold Rallies,2017-04-03,0
33541,Trump Is Right: The ObamaCare Exchanges Are Racing Toward A Crisis,2017-03-31,0
34649,AEterna Zentaris (AEZS) Jumps on NDA,2017-03-30,0
6985,AmBev: A Stock Worth Owning Before the Correction,2017-03-29,0
6550,ExploreLearning Gizmos wins —…–7 REVERE Award,2017-03-28,0
6611,The Advisory Board Company (ABCO) Jumps on Merger Talk,2017-03-27,-1
498,Scenarios For The Healthcare Bill - Cramer's Mad Money (3/23/17),2017-03-24,0
6612,"Advent International Corp Buys Stericycle, The Advisory Board Co, Sells Bojangles, Acadia ...",2017-03-23,0
499,7 Stocks That Are Outperforming the Market,2017-03-22,-1
1379,A Tectonic Shift In Global Returns?,2017-03-21,0
8865,Billionaires Are Cornering the Gold Market,2017-03-20,-1
6986,"Howard Marks Buys America Movil SAB de CV, Liberty Expedia Holdings, Stonemor Partners LP, ...",2017-03-17,0
1994,Aaron's Outlook Positive Despite Planned Closings,2017-03-16,1
500,Agilent Technologies Inc. declares $0.132 dividend,2017-03-15,0
5786,ABB Abilityâ¢ Electrical Distribution Control System US launch for cloud-based energy management,2017-03-14,0
501,"Spark, NRG Yield, And AES Are Top Gain 'Safe' Utility Dogs For March 2018",2017-03-13,0
3203,"Insiders Buy Target, Advance Auto Parts",2017-03-10,0
502,"While Performing Well, The Expectations Around Agilent Are High",2017-03-09,1
503,Opko: Don't Count It Out,2017-03-08,0
6987,A Sober Look At Beer,2017-03-07,0
504,The 2-Second Investment System: Taking Luck Out Of The Win-Lose Equation,2017-03-06,0
1995,"First Pacific Advisors Buys Alcoa, Baidu,Yahoo",2017-03-03,0
6988,AmBev's (ABEV) CEO Bernardo Paiva on Q4 2016 Results - Earnings Call Transcript,2017-03-02,0
1452,Altisource Asset Management reports Q4 results,2017-03-01,0
1261,AAC Holding's (AAC) CEO Michael Cartwright on Q4 2016 Results - Earnings Call Transcript,2017-02-28,0
505,"Buffett Doubles Apple, Seeks Deals",2017-02-27,0
10829,Identifying Business Development Corporations Worth Keeping Vs. Those To Avoid Right Now - Part V: Market Cap Smaller Than $100 Million,2017-02-24,0
2600,AAON's (AAON) CEO Norman Asbjornson on Q4 2016 Results - Earnings Call Transcript,2017-02-23,0
2602,Notable earnings before Thursday's open,2017-02-22,1
1997,The Short Stays On At Aaron's,2017-02-21,0
3212,Notable earnings before Tuesday's open,2017-02-20,1
1546,6 Stocks With Strong Yields but Falling Prices,2017-02-17,-1
2002,Notable earnings before Friday's open,2017-02-16,1
506,Stocks Open Mixed; Will Bulls Stick Around For Another Day?,2017-02-15,-1
507,Agilent Technologies (A) Q1 2017 Results - Earnings Call Transcript,2017-02-14,0
510,Notable earnings after Tuesday's close,2017-02-13,1
2603,"Comfort Systems USA, Inc. - Awaiting Execution",2017-02-10,0
1548,8 High-Yield Stocks With a Negative –-Year Performance,2017-02-09,-1
3216,"Buckingham Capital Management, Inc. Buys Vanguard Short-Termorate Bond ETF, SPDR Nuveen ...",2017-02-08,0
5809,Notable earnings before Wednesday's open,2017-02-07,1
6622,The Advisory Board Company to explore strategic alternatives,2017-02-06,0
1264,"Mondrian Investment Partners LTD Buys Wells Fargo, Walgreens Boots Alliance, SK Telecom Co, ...",2017-02-03,0
3217,"Tesco Pension Investment Ltd Buys Wells Fargo, Alibaba Group Holding, Taiwan Semiconductor ...",2017-02-02,0
3218,Auto Parts Suppliers Headed Into The Perfect Storm With Amazon,2017-02-01,0
3219,"Seatown Holdings Pte. Ltd. Buys BABA, AMZN, AZO, Sells DIS, F, NKE",2017-01-31,0
3220,Allergan Is A Cheap Stock - Cramer's Lightning Round (1/27/17),2017-01-30,0
6625,"Cortland Associates Inc Buys Cognizant Technology Solutions Corp, Centene Corp, The Advisory ...",2017-01-27,0
8944,Barrick Gold Reports Preliminary Operating Results for —…–6,2017-01-26,0
4911,"Bridgecreek Investment Management, LLC Buys Under Armour Inc, Honeywell International Inc, ...",2017-01-25,0
2604,These names are gaining alongside homebuilders after D.R. Horton's earnings,2017-01-24,1
3222,Auto Parts Retailers Banged Up As Amazon Moves In,2017-01-23,-1
2005,Aaron's rallies off of SunTrust upgrade,2017-01-20,-1
2006,7 Quality Stocks Gurus Are Buying,2017-01-19,0
5818,Why Would Top-Rank Entrepreneur T. J. Rodgers Want To Join Enphase?,2017-01-18,0
2605,"AAON: Still An Excellent Pick In HVAC, Even After The Rally",2017-01-17,1
1381,Is Reality Catching Up With Investors' Favourite Narratives?,2017-01-16,0
3228,Amazon Has Brought A Paradigm Shift In The Market - Cramer's Mad Money (1/12/17),2017-01-13,1
2008,Aaron's on watch after bull call from Stephens,2017-01-12,0
5823,7 Stocks With Low P/S Ratios,2017-01-11,-1
4913,A Conservative Asset Manager For The Income Investor Looking For Consistency,2017-01-10,0
1382,Global Economy Ends 2016 Growing At Fastest Rate In 13 Months,2017-01-09,1
5825,Fanuc Robots To Be Powered By Nvidia; Already Powering Tesla,2017-01-06,0
2009,Harnessing Volatility in a Mid-Cap Growth Stock,2017-01-05,0
2010,Industrial Companies Showing Good Potential for —…–7,2017-01-04,1
2011,"Discounted Stocks: Apple, Accenture, Aaron's",2017-01-03,0
11658,"Clemson Is Our Top Pick, And So Is ACC",2017-01-02,0
